[
  {
    "id": "apt-01",
    "patient": "João Silva",
    "doctorId": "dr-ana",
    "time": "08:30",
    "status": "PENDING"
  },
  {
    "id": "apt-02",
    "patient": "Maria Souza",
    "doctorId": "dr-ana",
    "time": "09:00",
    "status": "PENDING"
  },
  {
    "id": "apt-03",
    "patient": "Carlos Lima",
    "doctorId": "dr-paulo",
    "time": "08:45",
    "status": "PENDING"
  },
  {
    "id": "apt-04",
    "patient": "Fernanda Dias",
    "doctorId": "dr-paulo",
    "time": "09:30",
    "status": "PENDING"
  },
  {
    "id": "apt-05",
    "patient": "Juliana Costa",
    "doctorId": "dr-lucas",
    "time": "10:00",
    "status": "PENDING"
  }
]
