[
  {
    "id": "dr-ana",
    "name": "Dra. Ana Oliveira",
    "title": "Odontologia Geral",
    "photo": "/img/ana.jpg",
    "status": "ACTIVE",
    "avgDuration": 20
  },
  {
    "id": "dr-paulo",
    "name": "Dr. Paulo Mendes",
    "title": "Ortodontista",
    "photo": "/img/paulo.jpg",
    "status": "ACTIVE",
    "avgDuration": 25
  },
  {
    "id": "dr-lucas",
    "name": "Dr. Lucas Reis",
    "title": "Implantodontista",
    "photo": "/img/lucas.jpg",
    "status": "ACTIVE",
    "avgDuration": 30
  }
]
