{
  "version": "7",
  "dialect": "postgresql",
  "entries": [
    {
      "idx": 0,
      "version": "7",
      "when": 1763938840583,
      "tag": "0000_mushy_overlord",
      "breakpoints": true
    },
    {
      "idx": 1,
      "version": "7",
      "when": 1763942022282,
      "tag": "0001_clever_annihilus",
      "breakpoints": true
    },
    {
      "idx": 2,
      "version": "7",
      "when": 1764004863582,
      "tag": "0002_adorable_microchip",
      "breakpoints": true
    },
    {
      "idx": 3,
      "version": "7",
      "when": 1764017539900,
      "tag": "0003_pale_paibok",
      "breakpoints": true
    },
    {
      "idx": 4,
      "version": "7",
      "when": 1764030987232,
      "tag": "0004_thin_freak",
      "breakpoints": true
    },
    {
      "idx": 5,
      "version": "7",
      "when": 1764031843759,
      "tag": "0005_cute_wendigo",
      "breakpoints": true
    }
  ]
}